"","V1","V2","V3","V4","V5","V6","me_fre","sp1_fre","sp2_fre","sp3_fre","sp4_fre"
"1","AA",4244,3082,179,3519,809,0.00793827449146598,0.00466966159347278,0.00306748466257669,0.00619153102715371,0.00298401761640066
"2","AC",532,431,36,522,174,0.000995090016366612,0.000653025355868516,0.000616924289680228,0.000918436827557327,0.000641803541722763
"3","AD",2021,1807,144,2260,809,0.00378021978021978,0.00273785804652995,0.00246769715872091,0.00397637400436697,0.00298401761640066
"4","AE",3196,2740,226,2753,759,0.00597802197802198,0.00415148370088105,0.00387291359632587,0.00484378656372667,0.00279959131130791
"5","AF",2135,1787,170,1864,638,0.00399345335515548,0.00270755524579359,0.00291325359015663,0.00327962882484072,0.00235327965298346
"6","AG",3964,3021,221,2992,892,0.00741454290390461,0.00457723805122688,0.00378722966720362,0.0052642969119761,0.00329016528285462
"7","AH",980,771,52,583,222,0.00183306055646481,0.0011681729683866,0.00089111286287144,0.00102576373652475,0.000818852794611801
"8","AI",2695,3960,301,3657,1559,0.00504091653027823,0.0059999545457989,0.00515817253315968,0.00643433616547346,0.00575041219279188
"9","AK",1366,2748,275,2710,1456,0.00255506195931728,0.0041636048211756,0.00471261610172396,0.00476812989019226,0.00537049400430082
"10","AL",6501,4492,313,4088,1346,0.0121599251812018,0.00680600904538602,0.00536381396305309,0.00719266235834168,0.00496475613309678
"11","AM",1231,1426,95,1303,430,0.00230254851531447,0.00216058969250233,0.00162799465332282,0.00229257315384521,0.00158606622379763
"12","AN",1296,1687,152,1754,751,0.00242412906242693,0.0025560412421118,0.00260479144531652,0.00308608849719454,0.00277008310249307
"13","AP",2082,1093,77,1085,373,0.00389431844750994,0.00165604806024197,0.00131953250848271,0.00190901141360096,0.0013758202359919
"14","AQ",2151,1342,93,1371,399,0.0040233808744447,0.00203331792940963,0.00159372108167392,0.00241221626548103,0.00147172191464013
"15","AR",3378,1675,90,1317,529,0.00631844750993687,0.00253785956166999,0.00154231072420057,0.00231720555918199,0.00195123030788127
"16","AS",2517,2372,194,2188,845,0.00470797287818564,0.00359391216733207,0.00332453644994345,0.00384969306263493,0.00311680455606744
"17","AT",2200,2338,186,2168,740,0.00411503390226794,0.00354239740608026,0.00318744216334784,0.0038145039121538,0.00272950931537267
"18","AV",3860,3035,233,3092,1013,0.00722001402852467,0.00459845001174233,0.00399287109709703,0.00544024266438172,0.00373647694117907
"19","AW",763,286,21,294,76,0.00142716857610475,0.00043333005052992,0.000359872502313466,0.000517280512072518,0.000280327983740977
"20","AY",1468,1587,114,1408,501,0.00274584989478606,0.00240452723843001,0.00195359358398739,0.00247731619387111,0.00184795157702933
"21","CA",410,340,37,475,150,0.000766892681786299,0.000515147612518087,0.000634061075504678,0.000835742323926687,0.000553278915278244
"22","CC",42,117,8,120,40,7.85597381342062e-05,0.000177271384307695,0.000137094286595606,0.000211134902886742,0.000147541044074198
"23","CD",225,337,49,470,212,0.000420855740004676,0.000510602192407633,0.000839702505398088,0.000826945036306406,0.000781967533593251
"24","CE",220,371,33,454,193,0.000411503390226794,0.000562116953659442,0.000565513932206875,0.000798793715921507,0.000711885537658007
"25","CF",154,268,38,311,108,0.000288052373158756,0.000406057529867198,0.000651197861329129,0.000547191289981473,0.000398360819000336
"26","CG",435,594,53,685,260,0.000813654430675707,0.000899993181869834,0.000908249648695891,0.00120522840397849,0.00095901678648229
"27","CH",160,172,13,185,60,0.000299275192892214,0.000260604086332679,0.00022277821571786,0.000325499641950394,0.000221311566111298
"28","CI",229,509,58,555,224,0.000428337619826982,0.000771206278740313,0.000993933577818144,0.000976498925851182,0.000826229846815511
"29","CK",132,430,47,356,206,0.000246902034136077,0.000651510215831698,0.000805428933749186,0.000626366878564001,0.000759836376982122
"30","CL",420,452,60,654,229,0.000785597381342062,0.000684843296641692,0.00102820714946705,0.00115068522073274,0.000844672477324786
"31","CM",68,154,19,149,71,0.000127191956979191,0.000233331565669957,0.000325598930664565,0.000262159171084371,0.000261885353231702
"32","CN",133,287,36,308,130,0.000248772504091653,0.000434845190566738,0.000616924289680228,0.000541912917409304,0.000479508393241145
"33","CP",294,298,31,357,110,0.000549918166939444,0.000451511730971735,0.000531240360557974,0.000628126336088057,0.000405737871204046
"34","CQ",168,211,17,287,71,0.000314238952536825,0.000319694547768577,0.000291325359015663,0.000504964309404124,0.000261885353231702
"35","CR",255,243,21,303,72,0.000476969838671966,0.00036817902894675,0.000359872502313466,0.000533115629789023,0.000265573879333557
"36","CS",267,377,44,430,173,0.000499415478138882,0.000571207793880349,0.000754018576275834,0.000756566735344159,0.000638115015620908
"37","CT",237,327,25,340,109,0.000443301379471592,0.000495450792039454,0.000428419645611269,0.000598215558179102,0.000402049345102191
"38","CV",293,374,38,452,208,0.000548047696983867,0.000566662373769896,0.000651197861329129,0.000795274800873395,0.000767213429185832
"39","CW",60,47,6,51,18,0.00011222819733458,7.12115817304414e-05,0.000102820714946705,8.97323337268653e-05,6.63934698333893e-05
"40","CY",130,228,24,250,96,0.000243161094224924,0.000345451928394482,0.000411282859786818,0.000439864381014046,0.000354098505778076
"41","DA",2094,1937,185,2120,739,0.00391676408697685,0.00293482625131628,0.00317030537752339,0.00373004995099911,0.00272582078927082
"42","DC",196,339,39,413,223,0.000366612111292962,0.000513632472481269,0.00066833464715358,0.000726655957435204,0.000822541320713656
"43","DD",1022,1610,164,1660,1143,0.00191162029459902,0.00243937545927682,0.00281043287520993,0.00292069948993326,0.00421598533442022
"44","DE",1812,3081,274,2538,1595,0.00338929155950433,0.00466814645343596,0.00469547931589951,0.00446550319605459,0.00588319913245866
"45","DF",1108,1571,168,1634,973,0.00207248071077858,0.00238028499784093,0.00287898001850773,0.0028749535943078,0.00358893589710488
"46","DG",1847,2220,271,2139,971,0.0034547580079495,0.00336361088173574,0.00464406895842616,0.00376347964395618,0.00358155884490117
"47","DH",486,700,38,668,238,0.000909048398410101,0.00106059802577253,0.000651197861329129,0.00117531762606953,0.00087786921224148
"48","DI",1329,3378,318,2671,1650,0.00248585457096095,0.00511814304437088,0.00544949789217534,0.00469951104675406,0.00608606806806068
"49","DK",619,2313,292,1945,1853,0.00115782090250175,0.00350451890515981,0.00500394146073962,0.00342214488428928,0.00683483886673724
"50","DL",3063,3314,254,3190,1613,0.00572924947393033,0.00502117408201453,0.00435274359941049,0.00561266950173922,0.00594959260229205
"51","DM",497,956,88,862,445,0.00092962356792144,0.00144847387519792,0.00150803715255167,0.00151665238573643,0.00164139411532546
"52","DN",575,1432,165,1355,1065,0.00107552022445639,0.00216968053272324,0.00282756966103438,0.00238406494509613,0.00392828029847553
"53","DP",1590,1185,88,1177,447,0.00297404722936638,0.00179544094362921,0.00150803715255167,0.00207088150581413,0.00164877116752917
"54","DQ",809,1210,51,1335,324,0.00151321019406126,0.00183331944454966,0.000873976077046989,0.002348875794615,0.00119508245700101
"55","DR",1385,1418,153,1172,643,0.00259060088847323,0.00214846857220779,0.00262192823114097,0.00206208421819385,0.00237172228349274
"56","DS",1104,1769,209,1579,990,0.00206499883095628,0.00268028272513087,0.00358158823731021,0.00277818343048471,0.00365164084083641
"57","DT",1205,1661,190,1604,778,0.00225391629646949,0.00251664760115454,0.00325598930664565,0.00282216986858612,0.00286967330724316
"58","DV",1775,2439,226,2093,1178,0.003320084171148,0.00369542654979887,0.00387291359632587,0.00368254459784959,0.00434508374798514
"59","DW",514,323,31,296,102,0.000961421557166238,0.000489390231892183,0.000531240360557974,0.00052079942712063,0.000376229662389206
"60","DY",817,1452,153,1562,921,0.00152817395370587,0.00219998333345959,0.00262192823114097,0.00274827265257576,0.00339713253980842
"61","EA",3344,3605,211,3038,854,0.00625485153144728,0.00546207983272854,0.00361586180895911,0.00534523195808268,0.00315000129098414
"62","EC",229,282,33,358,161,0.000428337619826982,0.000427269490382649,0.000565513932206875,0.000629885793612113,0.000593852702398649
"63","ED",1687,2698,299,1787,1391,0.00315548281505728,0.0040878478193347,0.00512389896151078,0.0031441505954884,0.00513073980768025
"64","EE",2898,4978,545,2715,1626,0.00542062193126023,0.00754236710327952,0.00933954827432567,0.00477692717781254,0.00599754344161616
"65","EF",1097,1606,159,1452,852,0.00205190554126724,0.00243331489912955,0.00272474894608767,0.00255473232492958,0.00314262423878043
"66","EG",2506,3338,230,2008,921,0.0046873977086743,0.00505753744289816,0.00394146073962368,0.00353299070830482,0.00339713253980842
"67","EH",743,761,79,608,261,0.00138975917699322,0.00115302156801842,0.00135380608013161,0.00106975017462616,0.000962705312584145
"68","EI",2451,4917,380,3906,1944,0.00458452186111761,0.00744994356103363,0.00651197861329129,0.00687244108896345,0.00717049474200604
"69","EK",1944,4587,461,3652,2367,0.0036361935936404,0.00694994734888372,0.0079000582650718,0.00642553887785318,0.00873074128309069
"70","EL",2994,4568,416,3777,1704,0.00560018704699556,0.00692115968818418,0.00712890290297152,0.0066454710683602,0.00628524847756085
"71","EM",1066,1796,138,1476,549,0.00199392097264438,0.00272119150612495,0.00236487644377421,0.00259695930550693,0.00202500082991837
"72","EN",1332,2809,291,2506,1722,0.00249146598082768,0.00425602836342149,0.00498680467491517,0.00440920055528479,0.00635164194739424
"73","EP",1515,1130,99,982,320,0.00283376198269815,0.00171210824160423,0.00169654179662063,0.00172778728862317,0.00118032835259359
"74","EQ",1736,1720,170,1360,585,0.00324713584288052,0.00260604086332679,0.00291325359015663,0.00239286223271641,0.00215778776958515
"75","ER",2702,2131,200,1582,674,0.00505400981996727,0.00322876341845895,0.00342735716489015,0.00278346180305688,0.00248606659265024
"76","ES",1585,2539,203,1937,1012,0.0029646948795885,0.00384694055348066,0.00347876752236351,0.00340806922409683,0.00373278841507722
"77","ET",1942,2399,202,2287,838,0.00363245265372925,0.00363482094832615,0.00346163073653905,0.00402387935751649,0.00309098487335446
"78","EV",2743,3826,284,2433,1214,0.0051306990881459,0.0057969257808653,0.00486684717414402,0.00428076015602869,0.00447787068765192
"79","EW",648,330,39,307,114,0.00121206453121347,0.000499996212149908,0.00066833464715358,0.000540153459885248,0.000420491975611465
"80","EY",1056,1629,194,1231,822,0.00197521627308861,0.00246816311997636,0.00332453644994345,0.00216589221211316,0.00303196845572478
"81","FA",1848,1560,175,1601,701,0.00345662847790507,0.00236361845743593,0.00299893751927888,0.00281689149601395,0.00258565679740033
"82","FC",204,248,43,383,143,0.000381575870937573,0.00037575472913084,0.000736881790451383,0.000673872231713518,0.000527459232565259
"83","FD",1077,1550,165,1475,949,0.00201449614215572,0.00234846705706775,0.00282756966103438,0.00259519984798287,0.00350041127066036
"84","FE",1212,1769,195,1706,919,0.00226700958615852,0.00268028272513087,0.0033416732357679,0.00300163453603985,0.00338975548760471
"85","FF",1157,1245,138,1190,570,0.00216413373860182,0.00188634934583829,0.00236487644377421,0.00209375445362686,0.00210245987805733
"86","FG",1679,1847,173,1720,793,0.00314051905541267,0.00279846364800267,0.00296466394762998,0.00302626694137663,0.00292500119877098
"87","FH",486,493,50,345,148,0.000909048398410101,0.000746964038151226,0.000856839291222538,0.000607012845799383,0.000545901863074534
"88","FI",1267,2730,173,2169,1084,0.00236988543371522,0.00413633230051287,0.00296466394762998,0.00381626336967786,0.00399836229441078
"89","FK",568,1773,157,1621,1061,0.00106242693476736,0.00268634328527814,0.00269047537443877,0.00285208064649507,0.00391352619406811
"90","FL",2803,2451,272,2291,1110,0.00524292728548048,0.00371360823024068,0.00466120574425061,0.00403091718761272,0.00409426397305901
"91","FM",468,778,48,655,341,0.000875379939209726,0.00117877894864433,0.000822565719573637,0.0011524446782568,0.00125778740073254
"92","FN",680,1391,92,1257,750,0.00127191956979191,0.0021075597912137,0.00157658429584947,0.00221163810773862,0.00276639457639122
"93","FP",1242,842,84,773,325,0.00232312368482581,0.00127574791100067,0.00143949000925386,0.00136006066609543,0.00119877098310286
"94","FQ",792,939,77,716,272,0.00148141220481646,0.00142271649457201,0.00131953250848271,0.00125977158722423,0.00100327909970455
"95","FR",1291,882,96,785,424,0.00241477671264905,0.00133635351247339,0.00164513143914727,0.0013811741563841,0.0015639350671865
"96","FS",1522,1935,180,1832,875,0.00284685527238719,0.00293179597124264,0.00308462144840114,0.00322332618407093,0.00322746033912309
"97","FT",1320,1557,131,1283,678,0.00246902034136077,0.00235907303732547,0.00224491894300305,0.00225738400336408,0.00250082069705766
"98","FV",1464,1893,225,1608,925,0.00273836801496376,0.00286816008969629,0.00385577681050142,0.00282920769868234,0.00341188664421584
"99","FW",446,227,26,224,69,0.000834229600187047,0.000343936788357664,0.00044555643143572,0.000394118485388585,0.000254508301027992
"100","FY",673,1040,111,1029,571,0.00125882628010288,0.00157574563829062,0.00190218322651403,0.00181048179225381,0.00210614840415918
"101","GA",3354,3169,235,2699,983,0.00627355623100304,0.00480147877667593,0.00402714466874593,0.00474877585742764,0.00362582115812343
"102","GC",428,503,36,628,182,0.000800561140986673,0.000762115438519405,0.000616924289680228,0.00110493932510728,0.000671311750537603
"103","GD",1655,2263,201,2017,914,0.00309562777647884,0.00342876190331891,0.0034444939507146,0.00354882582602132,0.00337131285709543
"104","GE",2823,3169,292,2400,1082,0.005280336684592,0.00480147877667593,0.00500394146073962,0.00422269805773484,0.00399098524220707
"105","GF",1743,2273,185,1853,846,0.00326022913256956,0.00344391330368709,0.00317030537752339,0.00326027479207611,0.0031204930821693
"106","GG",3074,3367,230,2651,989,0.00574982464344167,0.00510147650396588,0.00394146073962368,0.00466432189627294,0.00364795231473456
"107","GH",649,844,54,674,245,0.00121393500116904,0.00127877819107431,0.000925386434520341,0.00118587437121387,0.000903688894954465
"108","GI",2615,4561,374,3581,1508,0.00489127893383213,0.00691055370792646,0.00640915789834459,0.00630061739364519,0.00556229736159728
"109","GK",2205,3211,351,2766,1565,0.00412438625204583,0.00486511465822229,0.00601501182438222,0.0048666595115394,0.00577254334940301
"110","GL",4261,4323,315,3616,1406,0.00797007248071078,0.00654995037916379,0.00539808753470199,0.00636219840698716,0.00518606769920807
"111","GM",1322,1485,115,1210,429,0.00247276128127192,0.00224998295467459,0.00197073036981184,0.00212894360410798,0.00158237769769578
"112","GN",1335,1992,217,1782,781,0.00249707739069441,0.00301815895334126,0.00371868252390582,0.00313535330786812,0.00288073888554872
"113","GP",1022,1110,63,765,279,0.00191162029459902,0.00168180544086787,0.0010796175069404,0.00134598500590298,0.00102909878241753
"114","GQ",1418,1422,113,1266,440,0.00265232639700725,0.00215452913235506,0.00193645679816294,0.00222747322545513,0.00162295148481618
"115","GR",2123,1842,136,1310,520,0.00397100771568857,0.00279088794781858,0.0023306028721253,0.0023048893565136,0.00191803357296458
"116","GS",1911,2473,234,2144,924,0.00357446808510638,0.00374694131105067,0.00401000788292148,0.00377227693157646,0.00340819811811398
"117","GT",2142,2514,237,2267,776,0.00400654664484452,0.00380906205256021,0.00406141824039483,0.00398869020703537,0.00286229625503945
"118","GV",3419,3246,242,2839,1058,0.0063951367781155,0.00491814455951091,0.00414710216951708,0.0049950999107955,0.00390246061576255
"119","GW",937,402,23,403,100,0.00175263034837503,0.000609086294800797,0.000394146073962368,0.000709061382194642,0.000368852610185496
"120","GY",1402,1894,194,1607,775,0.00262239887771803,0.00286967522973311,0.00332453644994345,0.00282744824115829,0.00285860772893759
"121","HA",991,629,54,608,185,0.00185363572597615,0.000953023083158461,0.000925386434520341,0.00106975017462616,0.000682377328843168
"122","HC",103,160,7,161,42,0.000192658405424363,0.000242422405890864,0.000119957500771155,0.000283272661373045,0.000154918096277908
"123","HD",422,626,50,535,266,0.000789338321253215,0.000948477663048007,0.000856839291222538,0.000941309775370058,0.000981147943093419
"124","HE",556,866,58,604,268,0.00103998129530044,0.0013121112718843,0.000993933577818144,0.00106271234452993,0.000988524995297129
"125","HF",501,567,54,472,173,0.000937105447743746,0.000859084400875751,0.000925386434520341,0.000830463951354518,0.000638115015620908
"126","HG",783,875,59,704,261,0.00146457797521627,0.00132574753221566,0.0010110703636426,0.00123865809693555,0.000962705312584145
"127","HH",333,351,24,275,70,0.000622866495206921,0.000531814152923084,0.000411282859786818,0.00048385081911545,0.000258196827129847
"128","HI",569,1131,85,732,301,0.00106429740472294,0.00171362338164105,0.00145662679507832,0.00128792290760913,0.00111024635665834
"129","HK",247,746,67,471,282,0.000462006079027356,0.00113029446746616,0.0011481646502382,0.000828704493830462,0.0010401643607231
"130","HL",1364,1271,91,914,285,0.00255132101940613,0.00192574298679555,0.00155944751002502,0.00160814417698735,0.00105122993902866
"131","HM",213,333,25,195,91,0.00039841010053776,0.000504541632260362,0.000428419645611269,0.000343094217190956,0.000335655875268801
"132","HN",309,576,47,406,223,0.000577975216273089,0.000872720661207112,0.000805428933749186,0.00071433975476681,0.000822541320713656
"133","HP",987,577,48,528,160,0.00184615384615385,0.00087423580124393,0.000822565719573637,0.000928993572701665,0.000590164176296794
"134","HQ",456,541,43,486,118,0.00085293429974281,0.000819690759918485,0.000736881790451383,0.000855096356691305,0.000435246080018885
"135","HR",715,566,37,388,140,0.00133738601823708,0.000857569260838933,0.000634061075504678,0.000682669519333799,0.000516393654259694
"136","HS",531,709,65,541,228,0.000993219546411036,0.00107423428610389,0.0011138910785893,0.000951866520514395,0.000840983951222931
"137","HT",600,637,41,434,200,0.0011222819733458,0.000965144203453004,0.000702608218802481,0.000763604565440383,0.000737705220370992
"138","HV",687,840,45,583,222,0.00128501285948094,0.00127271763092704,0.000771155362100284,0.00102576373652475,0.000818852794611801
"139","HW",195,117,12,91,16,0.000364741641337386,0.000177271384307695,0.000205641429893409,0.000160110634689113,5.90164176296794e-05
"140","HY",342,546,54,456,169,0.000639700724807108,0.000827266460102575,0.000925386434520341,0.000802312630969619,0.000623360911213488
"141","IA",2909,4090,323,3793,1355,0.00544119710077157,0.00619692275058522,0.0055351818212976,0.0066736223887451,0.00499795286801347
"142","IC",253,585,47,674,272,0.000473228898760814,0.000886356921538473,0.000805428933749186,0.00118587437121387,0.00100327909970455
"143","ID",1285,3434,297,2978,1774,0.00240355389291559,0.00520299088643268,0.00508962538986188,0.00523966450663931,0.0065434453046907
"144","IE",1901,4743,354,3436,1856,0.00355576338555062,0.00718630919462731,0.00606642218185557,0.00604549605265704,0.00684590444504281
"145","IF",1360,2416,250,2093,1097,0.00254383913958382,0.00366057832895205,0.00428419645611269,0.00368254459784959,0.00404631313373489
"146","IG",2296,4195,291,3479,1532,0.00429459901800327,0.0063560124544511,0.00498680467491517,0.00612115272619146,0.0056508219880418
"147","IH",709,1112,87,776,298,0.00132616319850362,0.00168483572094151,0.00149090036672722,0.0013653390386676,0.00109918077835278
"148","II",1465,5049,338,4227,2330,0.00274023848491934,0.00764994204589359,0.00579223360866436,0.00743722695418549,0.00859426581732206
"149","IK",765,4271,356,3642,2250,0.0014309095160159,0.00647116309724926,0.00610069575350447,0.00640794430261262,0.00829918372917366
"150","IL",4031,5450,426,4416,2399,0.00753986439092822,0.00825751320065757,0.00730027076121603,0.0077697644262321,0.00884877411835005
"151","IM",426,1598,114,1252,643,0.00079682020107552,0.00242119377883501,0.00195359358398739,0.00220284082011834,0.00237172228349274
"152","IN",863,2974,183,2691,1563,0.00161421557166238,0.00450602646949644,0.00313603180587449,0.00473470019723519,0.0057651662971993
"153","IP",2186,2273,206,2053,763,0.00408884732288988,0.00344391330368709,0.00353017787983686,0.00361216629688734,0.00281434541571533
"154","IQ",1375,2115,170,1509,515,0.00257189618891747,0.00320452117786986,0.00291325359015663,0.00265502140380078,0.0018995909424553
"155","IR",1985,2341,212,1873,802,0.00371288286181903,0.00354694282619071,0.00363299859478356,0.00329546394255723,0.00295819793368768
"156","IS",1819,3631,358,3206,1775,0.00340238484919336,0.00550147347368581,0.00613496932515337,0.00564082082212412,0.00654713383079255
"157","IT",1688,3180,281,2900,1320,0.00315735328501286,0.00481814531708093,0.00481543681667067,0.00510242681976293,0.00486885445444855
"158","IV",2108,3964,368,3100,1635,0.00394295066635492,0.00600601510594617,0.00630633718339788,0.00545431832457417,0.00603074017653286
"159","IW",394,391,33,355,106,0.000736965162497077,0.0005924197543958,0.000565513932206875,0.000624607421039945,0.000390983766796626
"160","IY",833,1947,181,1581,893,0.00155810147299509,0.00294997765168446,0.00310175823422559,0.00278170234553283,0.00329385380895648
"161","KA",1760,2994,249,2857,1238,0.00329202712181436,0.0045363292702328,0.00426705967028824,0.00502677014622852,0.00456639531409644
"162","KC",136,368,38,384,199,0.000254383913958382,0.000557571533548988,0.000651197861329129,0.000675631689237574,0.000734016694269137
"163","KD",873,2675,282,2172,1856,0.00163292027121814,0.00405299959848789,0.00483257360249512,0.00382154174225003,0.00684590444504281
"164","KE",1346,4798,478,3156,2120,0.00251765256020575,0.0072696418966523,0.00819138362408747,0.00555284794592131,0.00781967533593251
"165","KF",571,1392,162,1149,1079,0.00106803834463409,0.00210907493125052,0.00277615930356102,0.00202161669514055,0.0039799196639015
"166","KG",1411,3220,280,2358,1100,0.00263923310731821,0.00487875091855365,0.00479830003084621,0.00414880084172448,0.00405737871204046
"167","KH",372,918,74,589,305,0.000695814823474398,0.00139089855379883,0.00126812215100936,0.00103632048166909,0.00112500046106576
"168","KI",1270,3941,381,3624,2482,0.00237549684358195,0.00597116688509935,0.00652911539911574,0.00637627406717961,0.00915492178480401
"169","KK",894,4230,495,3780,2625,0.00167220014028525,0.00640904235573973,0.00848270898310313,0.00665074944093237,0.00968238101736927
"170","KL",1521,4140,351,3275,2245,0.00284498480243161,0.00627267975242612,0.00601501182438222,0.005762223391284,0.00828074109866439
"171","KM",497,1524,135,1409,722,0.00092962356792144,0.00230907341611048,0.00231346608630085,0.00247907565139516,0.00266311584553928
"172","KN",698,2492,312,2757,1971,0.00130558802899228,0.00377572897175021,0.00534667717722864,0.0048508243938229,0.00727008494675613
"173","KP",1167,1335,148,1266,689,0.00218283843815759,0.0020227119491519,0.00253624430201871,0.00222747322545513,0.00254139448417807
"174","KQ",771,1654,191,1391,754,0.00144213233574936,0.00250604162089681,0.0032731260924701,0.00244740541596215,0.00278114868079864
"175","KR",1224,2072,198,1672,813,0.00228945522562544,0.00313937015628669,0.00339308359324125,0.00294181298022194,0.00299877172080808
"176","KS",947,2678,240,2115,1695,0.00177133504793079,0.00405754501859834,0.00411282859786818,0.00372125266337883,0.00625205174264416
"177","KT",1093,2348,291,2555,1340,0.00204442366144494,0.00355754880644844,0.00498680467491517,0.00449541397396355,0.00494262497648565
"178","KV",1512,3343,310,2416,1556,0.00282815057283142,0.00506511314308225,0.00531240360557974,0.00425084937811974,0.00573934661448632
"179","KW",258,358,44,312,151,0.000482581248538695,0.000542420133180809,0.000754018576275834,0.000548950747505529,0.000556967441380099
"180","KY",489,1823,187,1383,1209,0.00091465980827683,0.00276210028711904,0.00320457894917229,0.0024333297557697,0.00445942805714265
"181","LA",6092,3981,257,4059,1343,0.0113949029693711,0.00603177248657207,0.00440415395688385,0.00714163809014405,0.00495369055479121
"182","LC",442,578,65,611,217,0.000826747720364742,0.000875750941280748,0.0011138910785893,0.00107502854719833,0.000800410164102526
"183","LD",2791,3272,270,2992,1647,0.00522048164601356,0.00495753820046818,0.00462693217260171,0.0052642969119761,0.00607500248975512
"184","LE",4047,4710,383,3692,1751,0.00756979191021744,0.00713630957341232,0.00656338897076464,0.00649591717881543,0.00645860920434803
"185","LF",2482,2656,236,2342,1012,0.00464250642974047,0.00402421193778835,0.00404428145457038,0.00412064952133958,0.00373278841507722
"186","LG",4415,4502,308,3586,1441,0.00825812485386953,0.0068211604457542,0.00527813003393084,0.00630941468126547,0.005315166112773
"187","LH",1169,1016,85,753,293,0.00218657937806874,0.00153938227740699,0.00145662679507832,0.00132487151561431,0.0010807381478435
"188","LI",3513,5190,399,4519,2207,0.00657096095393968,0.00786357679108492,0.00683757754395586,0.00795098855120989,0.0081405771067939
"189","LK",2353,4768,436,4185,2352,0.00440121580547112,0.00722418769554776,0.00747163861946053,0.00736332973817513,0.00867541339156287
"190","LL",6476,6100,509,4994,2085,0.0121131634323124,0.00924235422458921,0.00872262398464544,0.00878673087513658,0.00769057692236759
"191","LM",1436,1905,150,1578,685,0.00268599485620762,0.0028863417701381,0.00257051787366761,0.00277642397296066,0.00252664037977065
"192","LN",1963,3036,291,2814,1494,0.00367173252279635,0.00459996515177915,0.00498680467491517,0.0049511134726941,0.00551065799617131
"193","LP",3831,2161,175,1934,682,0.00716577039981295,0.00327421761956349,0.00299893751927888,0.00340279085152466,0.00251557480146508
"194","LQ",2453,2037,188,1443,615,0.00458826280102876,0.00308634025499807,0.00322171573499674,0.00253889720721307,0.0022684435526408
"195","LR",3992,2517,162,1856,819,0.00746691606266074,0.00381360747267066,0.00277615930356102,0.00326555316464828,0.00302090287741921
"196","LS",4148,4225,414,3703,1781,0.00775870937573065,0.00640146665555564,0.00709462933132262,0.00651527121158005,0.00656926498740368
"197","LT",3296,3268,261,3111,1234,0.00616506897357961,0.00495147764032091,0.00447270110018165,0.00547367235733879,0.00455164120968902
"198","LV",4241,3959,321,3376,1483,0.00793266308159925,0.00599843940576208,0.0055009082496487,0.00593992860121367,0.00547008420905091
"199","LW",996,480,43,376,130,0.00186298807575403,0.000727267217672593,0.000736881790451383,0.000661556029045125,0.000479508393241145
"200","LY",1669,1941,185,1738,777,0.00312181435585691,0.00294088681146355,0.00317030537752339,0.00305793717680965,0.0028659847811413
"201","MA",1231,1469,104,1392,426,0.00230254851531447,0.0022257407140855,0.00178222572574288,0.00244916487348621,0.00157131211939021
"202","MC",67,103,14,137,74,0.000125321487023615,0.000156059423792244,0.000239915001542311,0.000241045680795697,0.000272950931537267
"203","MD",636,1141,92,989,478,0.00118961889174655,0.00172877478200923,0.00157658429584947,0.00174010349129156,0.00176311547668667
"204","ME",813,1569,138,1128,440,0.00152069207388356,0.00237725471776729,0.00236487644377421,0.00198466808713537,0.00162295148481618
"205","MF",383,601,55,503,311,0.000716389992985738,0.00091059916212756,0.000942523220344792,0.00088500713460026,0.00114713161767689
"206","MG",1053,1522,115,1218,463,0.00196960486322188,0.00230604313603685,0.00197073036981184,0.00214301926430043,0.00170778758515885
"207","MH",199,264,16,216,76,0.000372223521159691,0.000399996969719926,0.000274188573191212,0.000380042825196136,0.000280327983740977
"208","MI",721,1894,158,1495,692,0.00134860883797054,0.00286967522973311,0.00270761216026322,0.00263038899846399,0.00255246006248363
"209","MK",621,1766,183,1309,771,0.00116156184241291,0.00267573730502042,0.00313603180587449,0.00230312989898954,0.00284385362453017
"210","ML",1337,1711,135,1413,623,0.00250081833060556,0.00259240460299543,0.00231346608630085,0.00248611348149139,0.00229795176145564
"211","MM",324,661,51,561,221,0.000606032265606734,0.00100150756433663,0.000873976077046989,0.000987055670995519,0.000815164268509946
"212","MN",526,1144,102,921,490,0.000983867196633154,0.00173332020211968,0.00174795215409398,0.00162046037965574,0.00180737778990893
"213","MP",697,718,61,575,230,0.00130371755903671,0.00108787054643525,0.0010453439352915,0.00101168807633231,0.000848361003426641
"214","MQ",478,515,73,445,245,0.00089408463876549,0.00078029711896122,0.00125098536518491,0.000782958598205001,0.000903688894954465
"215","MR",830,737,93,552,280,0.00155249006312836,0.00111665820713479,0.00159372108167392,0.000971220553279013,0.00103278730851939
"216","MS",756,1094,117,981,475,0.00141407528641571,0.00165756320027879,0.00200500394146074,0.00172602783109912,0.00175204989838111
"217","MT",697,1143,83,1014,390,0.00130371755903671,0.00173180506208286,0.00142235322342941,0.00178408992939297,0.00143852517972343
"218","MV",957,1345,120,1198,417,0.00179003974748656,0.00203786334952008,0.00205641429893409,0.00210783011381931,0.00153811538447352
"219","MW",121,93,8,89,37,0.000226326864624737,0.000140908023424065,0.000137094286595606,0.000156591719641,0.000136475465768634
"220","MY",248,517,54,377,288,0.000463876548982932,0.000783327399034856,0.000925386434520341,0.000663315486569181,0.00106229551733423
"221",NA,1584,1786,165,1952,828,0.00296282440963292,0.00270604010575677,0.00282756966103438,0.00343446108695767,0.00305409961233591
"222","NC",142,323,30,376,172,0.00026560673369184,0.000489390231892183,0.000514103574733523,0.000661556029045125,0.000634426489519053
"223","ND",666,1462,135,1622,1012,0.00124573299041384,0.00221513473382777,0.00231346608630085,0.00285384010401913,0.00373278841507722
"224","NE",908,2399,224,2010,1238,0.00169838671966332,0.00363482094832615,0.00383864002467697,0.00353650962335293,0.00456639531409644
"225","NF",661,1214,116,1150,761,0.00123638064063596,0.00183938000469693,0.00198786715563629,0.00202337615266461,0.00280696836351162
"226","NG",1311,1919,213,2056,916,0.00245218611176058,0.00290755373065356,0.00365013538060801,0.00361744466945951,0.00337868990929914
"227","NH",398,742,57,596,256,0.000744447042319383,0.00112423390731888,0.000976796791993694,0.00104863668433749,0.00094426268207487
"228","NI",933,3128,278,2491,1713,0.00174514846855272,0.0047393580351664,0.00476402645919731,0.00438280869242395,0.00631844521247755
"229","NK",432,2373,234,1978,1636,0.000808043020808978,0.00359542730736888,0.00401000788292148,0.00348020698258313,0.00603442870263471
"230","NL",2150,2956,266,2675,1646,0.00402151040448913,0.00447875394883372,0.0045583850293039,0.00470654887685029,0.00607131396365326
"231","NM",297,927,79,770,433,0.000555529576806173,0.0014045348141302,0.00135380608013161,0.00135478229352326,0.0015971318021032
"232","NN",482,1626,158,1584,1050,0.000901566518587795,0.00246361769986591,0.00270761216026322,0.00278698071810499,0.00387295240694771
"233","NP",1343,1407,122,1343,663,0.00251204115033902,0.00213180203180279,0.00209068787058299,0.00236295145480745,0.00244549280552984
"234","NQ",641,1435,118,1360,497,0.00119897124152443,0.00217422595283369,0.00202214072728519,0.00239286223271641,0.00183319747262192
"235","NR",1122,1359,141,1307,575,0.00209866729015665,0.00205907531003553,0.00241628680124756,0.00229961098394143,0.0021209025085666
"236","NS",738,1662,157,1564,1135,0.00138040682721534,0.00251816274119135,0.00269047537443877,0.00275179156762387,0.00418647712560538
"237","NT",943,1638,166,1440,832,0.00176385316810849,0.00248179938030772,0.00284470644685883,0.0025336188346409,0.00306885371674333
"238","NV",1101,2068,162,1688,1060,0.00205938742108955,0.00313330959613942,0.00277615930356102,0.00296996430060684,0.00390983766796626
"239","NW",313,279,28,254,99,0.000585457096095394,0.000422724070272195,0.000479830003084621,0.00044690221111027,0.000365164084083641
"240","NY",473,1228,112,1226,734,0.000884732288987608,0.00186059196521238,0.00191932001233849,0.00215709492449288,0.00270737815876154
"241","PA",2884,1209,87,1259,361,0.00539443535188216,0.00183180430451284,0.00149090036672722,0.00221515702278673,0.00133155792276964
"242","PC",187,201,15,235,71,0.000349777881692775,0.000304543147400398,0.000257051787366761,0.000413472518153203,0.000261885353231702
"243","PD",1612,1072,129,1251,433,0.00301519756838906,0.00162423011946879,0.00221064537135415,0.00220108136259429,0.0015971318021032
"244","PE",2551,1773,123,1735,608,0.00477156885667524,0.00268634328527814,0.00210782465640744,0.00305265880423748,0.00224262386992782
"245","PF",1204,991,90,933,331,0.00225204582651391,0.00150150377648654,0.00154231072420057,0.00164157386994442,0.00122090213971399
"246","PG",2047,1481,89,1332,488,0.00382885199906476,0.00224392239452731,0.00152517393837612,0.00234359742204284,0.00180000073770522
"247","PH",603,440,26,324,105,0.00112789338321253,0.000666661616199877,0.00044555643143572,0.000570064237794203,0.000387295240694771
"248","PI",1362,1883,145,1584,677,0.00254758007949497,0.00285300868932811,0.00248483394454536,0.00278698071810499,0.00249713217095581
"249","PK",777,1387,135,1117,686,0.00145335515548282,0.00210149923106643,0.00231346608630085,0.00196531405437076,0.0025303289058725
"250","PL",3238,2022,129,1747,546,0.00605658171615618,0.0030636131544458,0.00221064537135415,0.00307377229452615,0.00201393525161281
"251","PM",626,588,54,474,181,0.00117091419219079,0.000890902341648927,0.000925386434520341,0.000833982866402631,0.000667623224435748
"252","PN",910,963,107,822,438,0.00170212765957447,0.00145907985545564,0.00183363608321623,0.00144627408477418,0.00161557443261247
"253","PP",1618,588,40,490,127,0.00302642038812252,0.000890902341648927,0.000685471432978031,0.00086213418678753,0.00046844281493558
"254","PQ",1427,830,43,673,241,0.00266916062660744,0.00125756623055886,0.000736881790451383,0.00118411491368981,0.000888934790547045
"255","PR",1431,761,46,505,218,0.00267664250642974,0.00115302156801842,0.000788292147924735,0.000888526049648372,0.000804098690204381
"256","PS",1644,1264,110,1014,455,0.0030750526069675,0.00191513700653783,0.00188504644068958,0.00178408992939297,0.00167827937634401
"257","PT",1795,1145,97,1032,466,0.00335749357025953,0.0017348353421565,0.00166226822497172,0.00181576016482598,0.00171885316346441
"258","PV",2501,1553,129,1442,602,0.00467804535889642,0.0023530124771782,0.00221064537135415,0.00253713774968902,0.00222049271331669
"259","PW",430,207,11,154,43,0.000804302080897826,0.000313633987621306,0.000188504644068958,0.000270956458704652,0.000158606622379763
"260","PY",944,885,70,717,286,0.00176572363806406,0.00134089893258384,0.00119957500771155,0.00126153104474828,0.00105491846513052
"261","QA",2421,1435,99,1475,418,0.00452840776245032,0.00217422595283369,0.00169654179662063,0.00259519984798287,0.00154180391057537
"262","QC",106,203,17,224,45,0.000198269815291092,0.000307573427474034,0.000291325359015663,0.000394118485388585,0.000165983674583473
"263","QD",887,1154,123,915,419,0.00165910685059621,0.00174847160248786,0.00210782465640744,0.00160990363451141,0.00154549243667723
"264","QE",1547,2037,186,1377,547,0.0028936170212766,0.00308634025499807,0.00318744216334784,0.00242277301062536,0.00201762377771466
"265","QF",701,851,76,796,275,0.00131119943885901,0.00128938417133204,0.00130239572265826,0.00140052818914872,0.00101434467801011
"266","QG",1598,1652,130,1202,382,0.00298901098901099,0.00250301134082318,0.0022277821571786,0.00211486794391553,0.00140901697090859
"267","QH",378,424,18,310,77,0.000707037643207856,0.000642419375610791,0.000308462144840114,0.000545431832457417,0.000284016509842832
"268","QI",1435,1865,132,1641,671,0.00268412438625205,0.00282573616866539,0.0022620557288275,0.0028872697969762,0.00247500101434468
"269","QK",1032,1601,192,1636,760,0.00193032499415478,0.00242573919894546,0.00329026287829455,0.00287847250935592,0.00280327983740977
"270","QL",1689,2267,145,1952,572,0.00315922375496844,0.00343482246346619,0.00248483394454536,0.00343446108695767,0.00210983693026104
"271","QM",619,744,58,617,222,0.00115782090250175,0.00112726418739252,0.000993933577818144,0.00108558529234266,0.000818852794611801
"272","QN",796,1063,119,1149,442,0.00148889408463877,0.00161059385913743,0.00203927751310964,0.00202161669514055,0.00163032853701989
"273","QP",1250,646,65,560,169,0.00233808744447042,0.000978780463784365,0.0011138910785893,0.000985296213471462,0.000623360911213488
"274","QQ",985,990,79,780,207,0.00184241290624269,0.00149998863644972,0.00135380608013161,0.00137237686876382,0.000763524903083977
"275","QR",1668,1067,67,782,277,0.00311994388590133,0.0016166544192847,0.0011481646502382,0.00137589578381194,0.00102172173021382
"276","QS",1271,1288,119,1072,400,0.00237736731353753,0.00195150036742146,0.00203927751310964,0.00188613846578823,0.00147541044074198
"277","QT",1311,960,104,1176,363,0.00245218611176058,0.00145453443534519,0.00178222572574288,0.00206912204829007,0.00133893497497335
"278","QV",1841,1689,105,1254,424,0.00344353518821604,0.00255907152218544,0.00179936251156733,0.00220635973516645,0.0015639350671865
"279","QW",328,284,20,159,49,0.000613514145429039,0.000430299770456284,0.000342735716489015,0.000279753746324933,0.000180737778990893
"280","QY",548,972,65,660,274,0.00102501753565583,0.001472716115787,0.0011138910785893,0.00116124196587708,0.00101065615190826
"281","RA",2951,1516,125,1252,449,0.00551975683890578,0.00229695229581594,0.00214209822805635,0.00220284082011834,0.00165614821973288
"282","RC",235,265,23,268,78,0.00043956043956044,0.000401512109756744,0.000394146073962368,0.000471534616447057,0.000287705035944687
"283","RD",1412,1395,137,1170,583,0.00264110357727379,0.00211362035136097,0.00234773965794975,0.00205856530314573,0.00215041071738144
"284","RE",2477,2145,180,1534,732,0.00463315407996259,0.0032499753789744,0.00308462144840114,0.00269900784190218,0.00270000110655783
"285","RF",1555,1116,102,959,419,0.00290858078092121,0.00169089628108878,0.00174795215409398,0.00168731976556988,0.00154549243667723
"286","RG",2171,1754,134,1214,475,0.00406079027355623,0.0026575556245786,0.0022963293004764,0.00213598143420421,0.00175204989838111
"287","RH",676,486,33,363,119,0.0012644376899696,0.000736358057893501,0.000565513932206875,0.000638683081232394,0.00043893460612074
"288","RI",2017,2398,177,1922,917,0.00377273790039747,0.00363330580828933,0.00303321109092779,0.00338167736123598,0.003382378435401
"289","RK",1375,2099,199,1536,868,0.00257189618891747,0.00318027893728078,0.0034102203790657,0.0027025267569503,0.00320164065641011
"290","RL",4264,2522,184,2134,853,0.00797568389057751,0.00382118317285475,0.00315316859169894,0.00375468235633589,0.00314631276488228
"291","RM",932,829,74,655,259,0.00174327799859715,0.00125605109052204,0.00126812215100936,0.0011524446782568,0.000955328260380435
"292","RN",1013,1317,137,1075,600,0.00189478606499883,0.00199543942848918,0.00234773965794975,0.0018914168383604,0.00221311566111298
"293","RP",1470,785,66,597,232,0.00274959083469722,0.00118938492890205,0.00113102786441375,0.00105039614186154,0.000855738055630351
"294","RQ",1652,987,73,771,282,0.00309001636661211,0.00149544321633927,0.00125098536518491,0.00135654175104732,0.0010401643607231
"295","RR",2401,1218,94,902,394,0.00449099836333879,0.00184544056484421,0.00161085786749837,0.00158703068669868,0.00145327928413085
"296","RS",1631,1385,109,1152,400,0.00305073649754501,0.0020984689509928,0.00186790965486513,0.00202689506771272,0.00147541044074198
"297","RT",1575,1222,115,1052,400,0.00294599018003273,0.00185150112499148,0.00197073036981184,0.0018509493153071,0.00147541044074198
"298","RV",2594,1908,145,1275,558,0.00485199906476502,0.00289088719024856,0.00248483394454536,0.00224330834317163,0.00205819756483507
"299","RW",715,229,19,189,45,0.00133738601823708,0.0003469670684313,0.000325598930664565,0.000332537472046619,0.000165983674583473
"300","RY",1183,1041,99,870,389,0.00221276595744681,0.00157726077832744,0.00169654179662063,0.00153072804592888,0.00143483665362158
"301","SA",2680,2053,220,2109,808,0.00501285948094459,0.00311058249558715,0.00377009288137917,0.00371069591823449,0.00298032909029881
"302","SC",268,364,37,406,189,0.000501285948094459,0.000551510973401717,0.000634061075504678,0.00071433975476681,0.000697131433250587
"303","SD",1169,1812,235,1860,1074,0.00218657937806874,0.00274543374671404,0.00402714466874593,0.0032725909947445,0.00396147703339223
"304","SE",1666,2443,224,2225,1118,0.00311620294599018,0.00370148710994614,0.00383864002467697,0.00391479299102501,0.00412377218187385
"305","SF",1195,1916,226,1648,859,0.00223521159691372,0.0029030083105431,0.00387291359632587,0.00289958599964459,0.00316844392149341
"306","SG",2597,2778,262,2776,1122,0.00485761047463175,0.00420905902228013,0.0044898378860061,0.00488425408677996,0.00413852628628127
"307","SH",601,818,55,567,270,0.00112415244330138,0.00123938455011704,0.000942523220344792,0.000997612416139856,0.000995902047500839
"308","SI",1561,3648,295,2671,1540,0.00291980360065466,0.00552723085431171,0.00505535181821298,0.00469951104675406,0.00568033019685664
"309","SK",771,2789,295,1927,1538,0.00144213233574936,0.00422572556268513,0.00505535181821298,0.00339047464885626,0.00567295314465293
"310","SL",3566,3877,321,3095,1611,0.00667009586158522,0.00587419792274301,0.0055009082496487,0.00544552103695389,0.00594221555008834
"311","SM",697,1185,149,982,484,0.00130371755903671,0.00179544094362921,0.00255338108784316,0.00172778728862317,0.0017852466332978
"312","SN",811,1934,184,1541,1061,0.00151695113397241,0.00293028083120582,0.00315316859169894,0.00271132404457058,0.00391352619406811
"313","SP",1919,1226,111,1050,395,0.00358943184475099,0.00185756168513875,0.00190218322651403,0.00184743040025899,0.00145696781023271
"314","SQ",1212,1527,109,1216,491,0.00226700958615852,0.00231361883622094,0.00186790965486513,0.00213950034925232,0.00181106631601079
"315","SR",1853,1472,140,1292,512,0.00346598082768296,0.00223028613419595,0.00239915001542311,0.00227321912108059,0.00188852536414974
"316","SS",1667,2334,248,1914,1120,0.00311807341594576,0.00353633684593299,0.00424992288446379,0.00336760170104353,0.00413114923407755
"317","ST",1496,2015,160,1692,870,0.0027982230535422,0.00305300717418807,0.00274188573191212,0.00297700213070306,0.00320901770861381
"318","SV",2009,2469,284,2161,1102,0.00375777414075286,0.0037408807509034,0.00486684717414402,0.00380218770948541,0.00406475576424417
"319","SW",390,318,22,260,101,0.000729483282674772,0.000481814531708093,0.000377009288137917,0.000457458956254608,0.000372541136287351
"320","SY",680,1442,129,1229,701,0.00127191956979191,0.00218483193309142,0.00221064537135415,0.00216237329706505,0.00258565679740033
"321","TA",2660,2304,202,2592,752,0.00497545008183306,0.00349088264482845,0.00346163073653905,0.00456051390235363,0.00277377162859493
"322","TC",247,281,36,332,114,0.000462006079027356,0.000425754350345831,0.000616924289680228,0.000584139897986653,0.000420491975611465
"323","TD",1050,1696,191,1736,857,0.00196399345335516,0.00256967750244316,0.0032731260924701,0.00305441826176153,0.0031610668692897
"324","TE",1344,2222,226,2020,879,0.0025139116202946,0.00336664116180938,0.00387291359632587,0.00355410419859349,0.00324221444353051
"325","TF",1308,1508,141,1286,606,0.00244657470189385,0.0022848311755214,0.00241628680124756,0.00226266237593625,0.00223524681772411
"326","TG",2291,2919,237,2503,909,0.00428524666822539,0.00442269376747146,0.00406141824039483,0.00440392218271263,0.00335287022658616
"327","TH",595,610,64,559,215,0.00111292962356792,0.000924235422458921,0.00109675429276485,0.000983536755947406,0.000793033111898816
"328","TI",1545,3163,260,2759,1329,0.00288987608136544,0.00479238793645503,0.0044555643143572,0.00485434330887101,0.00490205118936524
"329","TK",551,2233,226,1913,1174,0.00103062894552256,0.00338330770221438,0.00387291359632587,0.00336584224351948,0.00433032964357772
"330","TL",3929,3451,286,2937,1146,0.00734907645545943,0.00522874826705858,0.00490112074579292,0.00516752674815301,0.00422705091272578
"331","TM",561,904,90,847,300,0.00104933364507833,0.00136968659328338,0.00154231072420057,0.00149026052287559,0.00110655783055649
"332","TN",731,1600,142,1461,757,0.0013673135375263,0.00242422405890864,0.00243342358707201,0.00257056744264608,0.0027922142591042
"333","TP",2478,1341,120,1261,492,0.00463502454991817,0.00203180278937281,0.00205641429893409,0.00221867593783485,0.00181475484211264
"334","TQ",965,1067,92,1024,379,0.00180500350713117,0.0016166544192847,0.00157658429584947,0.00180168450463353,0.00139795139260303
"335","TR",1700,1253,97,1002,459,0.00317979892447978,0.00189847046613283,0.00166226822497172,0.0017629764391043,0.00169303348075143
"336","TS",1520,2011,165,1690,820,0.00284311433247603,0.0030469466140408,0.00282756966103438,0.00297348321565495,0.00302459140352107
"337","TT",1393,1943,174,1887,798,0.00260556464811784,0.00294391709153719,0.00298180073345443,0.00332009634789402,0.00294344382928026
"338","TV",2133,2535,277,2304,1040,0.00398971241524433,0.00384087999333338,0.00474688967337286,0.00405379013542545,0.00383606714592916
"339","TW",429,261,19,256,67,0.000802431610942249,0.000395451549609473,0.000325598930664565,0.000450421126158383,0.000247131248824282
"340","TY",811,1267,142,1066,513,0.00151695113397241,0.00191968242664828,0.00243342358707201,0.00187558172064389,0.00189221389025159
"341","VA",3201,3208,231,2810,942,0.00598737432779986,0.00486056923811183,0.00395859752544813,0.00494407564259787,0.00347459158794737
"342","VC",387,427,51,480,259,0.000723871872808043,0.000646964795721245,0.000873976077046989,0.000844539611546968,0.000955328260380435
"343","VD",1926,2573,235,2136,1330,0.00360252513444003,0.00389845531473246,0.00402714466874593,0.00375820127138401,0.0049057397154671
"344","VE",2716,3579,300,2513,1305,0.00508019639934534,0.00542268619177127,0.00514103574733523,0.00442151675795319,0.00481352656292072
"345","VF",1725,1961,203,1794,930,0.00322656067336918,0.00297118961219991,0.00347876752236351,0.00315646679815679,0.00343032927472511
"346","VG",2629,3112,268,2610,1107,0.00491746551321019,0.00471511579457731,0.00459265860095281,0.00459218413778664,0.00408319839475344
"347","VH",772,758,51,561,242,0.00144400280570493,0.00114847614790797,0.000873976077046989,0.000987055670995519,0.0008926233166489
"348","VI",2519,3987,360,3334,1615,0.0047117138180968,0.00604086332679298,0.00616924289680228,0.00586603138520331,0.00595696965449576
"349","VK",1317,3189,295,2557,1444,0.00246340893149404,0.00483178157741229,0.00505535181821298,0.00449893288901166,0.00532623169107856
"350","VL",4786,4345,362,3526,1601,0.00895206920738836,0.00658328345997379,0.00620351646845118,0.0062038472298221,0.00590533028906979
"351","VM",911,1317,105,1130,462,0.00170399812953004,0.00199543942848918,0.00179936251156733,0.00198818700218349,0.00170409905905699
"352","VN",1294,2034,180,1964,1047,0.00242038812251578,0.00308179483488761,0.00308462144840114,0.00345557457724634,0.00386188682864214
"353","VP",2006,1467,141,1192,497,0.00375216273088614,0.00222271043401186,0.00241628680124756,0.00209727336867497,0.00183319747262192
"354","VQ",1699,1297,125,991,398,0.0031779284545242,0.00196513662775282,0.00214209822805635,0.00174362240633968,0.00146803338853827
"355","VR",2533,1612,158,1194,575,0.00473790039747487,0.00244240573935046,0.00270761216026322,0.00210079228372308,0.0021209025085666
"356","VS",2389,2821,279,2288,1134,0.00446855272387187,0.0042742100438633,0.00478116324502176,0.00402563881504055,0.00418278859950352
"357","VT",2004,2515,254,2220,940,0.00374842179097498,0.00381057719259703,0.00435274359941049,0.00390599570340473,0.00346721453574366
"358","VV",3202,3417,302,2782,1361,0.00598924479775544,0.00517723350580677,0.00517530931898413,0.0048948108319243,0.0050200840246246
"359","VW",688,301,42,279,88,0.00128688332943652,0.000456057151082189,0.000719745004626932,0.000490888649211675,0.000324590296963236
"360","VY",1205,1515,161,1235,657,0.00225391629646949,0.00229543715577912,0.00275902251773657,0.00217293004220939,0.00242336164891871
"361","WA",679,320,31,300,94,0.00127004909983633,0.000484844811781729,0.000531240360557974,0.000527837257216855,0.000346721453574366
"362","WC",51,47,7,54,13,9.53939677343933e-05,7.12115817304414e-05,0.000119957500771155,9.50107062990339e-05,4.79508393241145e-05
"363","WD",388,307,14,261,94,0.000725742342763619,0.000465147991303096,0.000239915001542311,0.000459218413778664,0.000346721453574366
"364","WE",567,360,37,333,101,0.00106055646481178,0.000545450413254445,0.000634061075504678,0.000585899355510709,0.000372541136287351
"365","WF",347,223,20,239,60,0.000649053074584989,0.000337876228210392,0.000342735716489015,0.000420510348249428,0.000221311566111298
"366","WG",677,372,29,348,114,0.00126630815992518,0.00056363209369626,0.000496966788909072,0.000612291218371552,0.000420491975611465
"367","WH",183,105,5,99,20,0.00034229600187047,0.00015908970386588,8.56839291222538e-05,0.000174186294881562,7.37705220370992e-05
"368","WI",532,448,32,355,145,0.000995090016366612,0.000678782736494421,0.000548377146382424,0.000624607421039945,0.000534836284768969
"369","WK",382,338,40,250,123,0.000714519523030161,0.000512117332444451,0.000685471432978031,0.000439864381014046,0.00045368871052816
"370","WL",1213,457,16,425,118,0.0022688800561141,0.000692418996825782,0.000274188573191212,0.000747769447723878,0.000435246080018885
"371","WM",363,152,15,151,41,0.000678980593874211,0.000230301285596321,0.000257051787366761,0.000265678086132484,0.000151229570176053
"372","WN",331,277,37,230,75,0.000619125555295768,0.000419693790198559,0.000634061075504678,0.000404675230532922,0.000276639457639122
"373","WP",167,125,6,133,39,0.000312368482581249,0.000189392504602238,0.000102820714946705,0.000234007850699472,0.000143852517972343
"374","WQ",520,213,17,207,46,0.000972644376899696,0.000322724827842213,0.000291325359015663,0.00036420770747963,0.000169672200685328
"375","WR",599,217,12,192,48,0.00112041150339023,0.000328785387989485,0.000205641429893409,0.000337815844618787,0.000177049252889038
"376","WS",424,322,20,261,79,0.000793079261164368,0.000487875091855365,0.000342735716489015,0.000459218413778664,0.000291393562046542
"377","WT",406,256,21,206,72,0.000759410801963993,0.000387875849425383,0.000359872502313466,0.000362448249955574,0.000265573879333557
"378","WV",771,362,15,265,84,0.00144213233574936,0.000548480693328081,0.000257051787366761,0.000466256243874889,0.000309836192555817
"379","WW",185,61,6,52,12,0.000346036941781623,9.24235422458921e-05,0.000102820714946705,9.14917912509215e-05,4.42623132222595e-05
"380","WY",249,175,23,185,53,0.000465747018938508,0.000265149506443133,0.000394146073962368,0.000325499641950394,0.000195491883398313
"381","YA",1379,1324,130,1336,540,0.00257937806873977,0.0020060454087469,0.0022277821571786,0.00235063525213906,0.00199180409500168
"382","YC",158,247,27,283,115,0.000295534252981061,0.000374239589094022,0.000462693217260171,0.0004979264793079,0.00042418050171332
"383","YD",793,1403,151,1303,855,0.00148328267477204,0.00212574147165552,0.00258765465949207,0.00229257315384521,0.00315368981708599
"384","YE",894,1842,165,1377,839,0.00167220014028525,0.00279088794781858,0.00282756966103438,0.00242277301062536,0.00309467339945631
"385","YF",723,1215,144,1150,544,0.00135234977788169,0.00184089514473375,0.00246769715872091,0.00202337615266461,0.0020065581994091
"386","YG",1213,1749,177,1475,607,0.0022688800561141,0.00264997992439451,0.00303321109092779,0.00259519984798287,0.00223893534382596
"387","YH",422,581,53,490,196,0.000789338321253215,0.000880296361391202,0.000908249648695891,0.00086213418678753,0.000722951115963572
"388","YI",740,2102,188,1399,900,0.00138414776712649,0.00318482435739123,0.00322171573499674,0.0024614810761546,0.00331967349166946
"389","YK",409,1526,137,1121,1001,0.000765022211830722,0.00231210369618412,0.00234773965794975,0.00197235188446698,0.00369221462795681
"390","YL",2018,2300,217,2133,1025,0.00377460837035305,0.00348482208468118,0.00371868252390582,0.00375292289881184,0.00378073925440133
"391","YM",257,642,49,437,274,0.000480710778583119,0.000972719903637094,0.000839702505398088,0.000768882938012552,0.00101065615190826
"392","YN",516,1154,113,1027,757,0.000965162497077391,0.00174847160248786,0.00193645679816294,0.0018069628772057,0.0027922142591042
"393","YP",1009,888,85,827,332,0.00188730418517653,0.0013454443526943,0.00145662679507832,0.00145507137239446,0.00122459066581585
"394","YQ",770,901,104,1048,256,0.00144026186579378,0.00136514117317293,0.00178222572574288,0.00184391148521088,0.00094426268207487
"395","YR",1284,1154,113,941,381,0.00240168342296002,0.00174847160248786,0.00193645679816294,0.00165564953013687,0.00140532844480674
"396","YS",842,1400,140,1262,694,0.00157493570259528,0.00212119605154506,0.00239915001542311,0.0022204353953589,0.00255983711468734
"397","YT",847,1285,119,1043,526,0.00158428805237316,0.00194695494731101,0.00203927751310964,0.0018351141975906,0.00194016472957571
"398","YV",988,1420,161,1222,655,0.00184802431610942,0.00215149885228142,0.00275902251773657,0.00215005709439666,0.002415984596715
"399","YW",299,201,17,193,71,0.000559270516717325,0.000304543147400398,0.000291325359015663,0.000339575302142843,0.000261885353231702
"400","YY",54,106,11,94,47,0.000101005377601122,0.000160604843902698,0.000188504644068958,0.000165389007261281,0.000173360726787183
